Name,RA,Dec,Gaia,SDSS,Teff,Fe_H,Mg_H,Al_H,Si_H,C_H,O_H,Ca_H,Ti_H,Cr_H,N_H,Ni_H,Chi2,TempAgree,e_Teff,e_Fe_H,e_Mg_H,e_Al_H,e_Si_H,e_C_H,e_O_H,e_Ca_H,e_Ti_H,e_Cr_H,e_N_H,e_Ni_H
GJ 176,70.7323959199788,18.9581655408456,3409711211681795584,77377998,3600,0.05,0.07,0.08,0.03,0.04,0.03,0.06,0.18,0.13,0.11,0.05,18280,True,13.2,0.02,0.02,0.02,0.02,0.03,0.02,0.02,0.03,0.02,0.03,0.02
GJ 388,154.9011700755108,19.8700029018253,625453654702751872,56055457,393,0.12,0.15,0.2,0.12,0.11,0.13,0.12,0.25,0.21,0.24,0.13,3878,rue,3.2,0.02,0.02,0.02,0.02,0.03,0.02,0.02,0.03,0.02,0.03,
GJ 3470,119.77433139864,15.3914544625,654687847820642560,56231379,605,0.1,0.11,0.15,0.1,0.11,0.05,0.12,0.2,0.2,0.22,0.15,442,rue,3.2,0.02,0.02,0.02,0.02,0.02,0.02,0.02,0.02,0.02,0.03,
GJ 285,116.1673846026934,3.5524653409928,3136952686035250688,75120097,3130,0.22,0.22,0.27,0.19,0.25,0.22,0.2,0.42,0.38,0.42,0.23,44251,True,13.2,0.02,0.02,0.02,0.02,0.02,0.02,0.02,0.02,0.02,0.03,0.02
GJ 15A,4.5953540832,44.0229549865522,385334196532776576,17197814,591,0.18,0.1,0.12,0.16,0.21,0.15,0.13,0.07,0.17,0.21,0.18,7818,alse,3.2,0.02,0.02,0.02,0.02,0.02,0.02,0.02,0.02,0.02,0.03,
